Colias.philodice,Pieris.rapae,Colias.eurytheme,Pyrgus.communis,Ochlodes.sylvanoides,Euptoieta.claudia,Hemiargus.isola,Speyeria.aphrodite.ethne,Lycaena.hyllus,Pontia.protodice,Strymon.melinus,Lycaeides.melissa,Cercyonis.pegala.olympus,Nathalis.iole
3.12363476250552,2.02473278595315,2.46536344556924,0.138190311707757,-2.60811210266588,-1.60087172260131,-0.0288144870021671,-1.25004822613952,-0.528041441639042,-0.553705067300859,-1.27044086914628,-1.62992678117895,-2.64722901251473,-146214.360631354
0.00156206761728687,0.112197588401596,0.00314356021694435,0.0772972799987788,-0.12930793845819,-0.104092805413893,-0.0377291976194632,-0.049139067485087,-0.193221665171847,-0.0832310892642864,-0.260315548004132,-0.083560598262528,-0.0740581174616744,0.163686733947426
-0.0104145500942208,0.0210374202717391,-0.0107422003635817,0.0278845867249136,0.0478973220255189,-0.0157819066092724,-0.0287422809559906,-0.00240099999137208,0.0186855895693852,0.0486787413527131,-0.00248256581612247,-0.00841658973904418,0.0518960998483052,0.0351406175587978
-2.09892437951546,-2.91507788439207,-1.99300709056528,-1.23370209823126,2.55933535770525,2.88497510720499,-1.17512924574707,1.83494022460078,-2.15395812804786,-2.94828513101326,0.767914301583273,0.856112755025205,1.01035622568979,146212.655100295
-3.9103348640949,-1.61968900916471,-2.46894783566635,-1.45102912274587,1.98668163224527,0.215481697458332,-0.738693364330514,0.416719287922127,-2139.78234880656,-2.45833519703293,-0.0759497210822478,-4.80617983365704,0.795064925267749,145228.689007264
-1.51480088400748,-0.339103619318794,-0.619952468826382,-0.531486646960252,1.61329218692349,-0.486114735286139,0.271441641472214,0.512800120135171,1.47095525965013,0.833832508225362,0.593285959379308,0.924738441666845,1.00323803976367,-109512.763282525
